Operadora,Código do Cliente,Razão Social do Cliente,Nome do Associado,Código do Associado,CPF do Titular,Tipo de Participante,Sexo,Plano - Descrição,Data de Nascimento,Data de Admissão do Empregado,Data de Adesão ao Plano,Data de Cancelamento,Estado Civil do Participante,Município do Participante,UF,Contagem Associado Ativo,Operadora - Numero de Registro,Cliente - Grupo (Link),Cliente - Município,Cliente - UF,Associado - Nome da Mãe,Matricula do Associado,Associado - Bairro,Plano - Código,Plano - Acomodação,CPF Titular,Numero Carteirinha Titular,Nome do Titular,Grupo Familiar,Local Titular
"Rowe, Randall and Graham",2710,Keith-Johnson,Joshua Dixon,74123,370-55-8046,Inativo,M,night,1996-09-10,2018-01-01,2022-06-02,2001-02-13,Casado(a),North Stephenmouth,MP,2,5968,http://www.spencer.com/,Port Matthewshire,LA,Michael Cantrell,52399995,collection,19853,Enfermaria,370-55-8046,91072674,Jessica Davis,Família B,New Travis
Ramirez Inc,6007,Wilson-Martin,Shirley Johnson,89244,471-58-7882,Inativo,M,computer,1943-07-30,2020-11-03,2022-11-14,2018-05-17,Solteiro(a),Williamsonchester,AS,8,2113,https://www.fernandez.biz/,Port Lauramouth,MH,Danny Werner,54639457,raise,83515,Enfermaria,471-58-7882,46392434,Mary Murphy,Família C,Parkville
Walsh-Hall,8452,Sanchez-Cross,Rhonda Love,76531,009-96-5192,Inativo,F,who,1972-08-04,2017-11-12,2014-06-06,2006-08-24,Solteiro(a),West Elizabethton,MO,2,65708,https://www.avery.com/,Deborahport,IA,Christine Whitney,99503645,type,89188,Apartamento,009-96-5192,88054711,Maria Coleman,Família C,Port Benjaminside
Petty Inc,2700,Williams LLC,Brian Coleman,87788,610-84-3341,Ativo,M,focus,1918-01-14,2012-08-13,2015-12-19,2019-09-05,Casado(a),West Kathryn,NV,3,92371,http://robbins-garcia.com/,Blanchardbury,CO,Tiffany White,40328724,rise,24937,Apartamento,610-84-3341,28413696,Jason Williams,Família B,Castilloborough
Watson-Brown,4782,"Scott, Weiss and Hall",Sarah Lewis,92805,570-49-1234,Ativo,F,sit,2012-07-11,2014-10-13,2004-10-27,2000-05-02,Solteiro(a),Port Aliciaville,TX,6,54596,https://jones-davis.net/,South Emma,ND,Alyssa Bryan,37385967,hair,54993,Enfermaria,570-49-1234,12150378,Elizabeth Navarro,Família B,Adammouth
Farmer-Barton,7906,Martin Ltd,Katrina Ibarra,48052,307-41-8179,Inativo,F,admit,1969-08-05,2010-09-20,2000-10-24,2002-08-01,Casado(a),New Christopherview,OK,1,61355,http://www.green.com/,Port Rachelville,IL,Amy Navarro,90759295,many,29613,Apartamento,307-41-8179,76890616,Michael Atkinson,Família A,Port Tammychester
"Monroe, Porter and Durham",4393,Thompson PLC,Derek Smith,68053,102-18-5815,Inativo,M,Mr,2008-05-03,2019-03-13,2018-08-23,2008-06-03,Solteiro(a),Carmenberg,LA,6,66551,http://www.parker-barton.biz/,New Jennifer,AS,Travis Hooper,66825471,for,81288,Enfermaria,102-18-5815,22260012,Joshua Greer,Família B,West Christophermouth
Johnson-Hughes,5897,"Blankenship, Martin and Stevenson",Antonio Cruz,33409,881-53-6335,Ativo,M,head,2006-06-09,2015-02-01,2004-07-12,2006-12-13,Solteiro(a),Hollowayburgh,IN,2,38888,https://www.cain-mckinney.com/,Harrybury,CA,Alexis Woodard,26121273,treatment,60211,Enfermaria,881-53-6335,89688646,Susan Edwards,Família C,Port Moniquechester
Nixon Group,4323,Coleman-Rodriguez,Kyle Romero,95252,467-58-5915,Inativo,F,wish,1983-09-11,2011-07-17,2018-09-15,2020-04-02,Casado(a),Diazhaven,UT,10,69774,https://www.wilson.biz/,Port Jordan,OK,Todd Smith,31803998,their,10571,Apartamento,467-58-5915,53772139,Wendy Alvarez,Família A,Nicolechester
"Anderson, Diaz and Vazquez",2042,"Bryant, Ramirez and Decker",Michael Ellis,93171,830-44-7473,Ativo,F,scientist,1957-05-27,2000-06-30,2002-07-13,2014-02-25,Casado(a),North Jerryland,NC,2,992,https://www.bowers-walker.net/,West Philipburgh,NE,Edward Mcgee,27463700,window,12959,Enfermaria,830-44-7473,9169209,Jorge Gregory,Família C,Matthewport
Norris Ltd,7204,Conley Group,Patricia Perez,13986,113-13-1798,Ativo,M,age,2009-01-25,2012-10-13,2008-04-05,2021-02-27,Casado(a),Jeremyfort,WV,10,35078,https://walter.biz/,New Nicholemouth,SD,Stephen Ramos,65304194,allow,91769,Apartamento,113-13-1798,47122013,Gregory Phillips,Família B,South Cynthiaport
"Phillips, Weber and Anderson",6767,"Owens, Booker and Cowan",Bryan Ward III,37525,894-20-8727,Ativo,F,blue,1911-10-21,2019-11-27,2012-08-19,2014-04-23,Casado(a),West Rachelberg,WV,6,91214,https://blanchard.net/,North Elizabethfurt,UT,Kimberly Smith,38883742,upon,30486,Enfermaria,894-20-8727,93558844,David Hanson,Família C,West Sherryhaven
"Hill, Joseph and Schultz",6165,Higgins Ltd,Russell Moore,71473,120-57-4371,Ativo,F,group,1925-10-19,2009-10-16,2013-11-03,2013-02-23,Viúvo(a),Lake Joan,AZ,7,94380,http://gomez.com/,Johnmouth,WI,Hannah York,40073346,green,17227,Enfermaria,120-57-4371,36121049,Christopher Rivera,Família A,Stephanieton
Williams-Little,8818,"Snyder, Craig and Page",Cody Little MD,66613,888-70-0197,Inativo,F,phone,1967-12-15,2012-09-02,2011-01-03,2018-10-23,Casado(a),North Lauriebury,VI,8,32122,https://harris.biz/,East Thomas,MP,Rhonda Davis,60637674,next,57260,Enfermaria,888-70-0197,34776335,Lindsay Thompson,Família B,New Richardstad
Smith PLC,7924,"Kirk, Howell and Rodriguez",Tammy Graham,34983,889-81-7646,Inativo,M,season,2013-11-29,2019-03-04,2002-03-11,2022-10-30,Casado(a),Newtonhaven,AS,1,66801,https://www.huff.com/,North Jeffrey,ME,Ana Taylor,56671046,drive,59093,Enfermaria,889-81-7646,7024419,Joy Smith,Família A,South Madisonview
"Smith, Vargas and Lewis",3932,Baker Inc,Nicholas Schwartz,79681,196-07-8919,Ativo,M,five,2012-10-10,2008-10-11,2008-12-22,2007-10-31,Casado(a),South Ethan,OR,7,15551,https://reyes.org/,Mariatown,CA,Erica Baker,68529451,spend,16944,Enfermaria,196-07-8919,24681006,Henry Gonzalez,Família A,Jamesport
Kelley-Rivera,8275,"Hawkins, Raymond and Jackson",Ivan Gonzalez,76312,503-09-5142,Ativo,F,road,1923-03-07,2006-02-25,2022-05-17,2006-09-12,Casado(a),Brianland,ME,5,66875,http://lee.com/,Lake Mason,ID,Kendra Moore,46341760,admit,86526,Apartamento,503-09-5142,58117895,Shawna Collins,Família C,South Heathermouth
"Boyd, Cooper and James",2473,Henry-Torres,Dr. Whitney Holmes MD,24974,072-79-4642,Ativo,F,similar,1928-09-17,2000-03-27,2020-09-15,2021-10-20,Viúvo(a),Port Ericport,NM,7,50060,https://hess.com/,East Kyle,GU,Sara Hernandez,29395539,ago,30402,Apartamento,072-79-4642,33361555,Earl Wang,Família A,Jonesfurt
Porter-Taylor,7046,"Oliver, Washington and Smith",Brenda Gomez,47017,073-91-0930,Ativo,M,sense,1940-09-17,2014-02-25,2015-07-20,2010-05-07,Viúvo(a),West Tylerville,MN,2,30679,http://www.ross-martin.biz/,Jonesland,MP,James Hayes,4868709,major,42703,Enfermaria,073-91-0930,73423034,Cory Collins,Família C,Ayalatown
"Gonzalez, Roberts and Rice",8641,"Smith, Harmon and Benton",Scott George,56976,442-26-1215,Ativo,M,finally,1989-06-04,2000-12-09,2019-11-19,2011-08-01,Casado(a),Mollytown,HI,5,1352,https://reed.com/,Lisahaven,NV,Justin Curtis,90388147,business,27862,Enfermaria,442-26-1215,63667217,Dorothy Williams,Família B,West Jonathan
